{
  "projectType": [
    "sap.watt.uitools.ide.fiori"
  ],
  "generation": [
    {
      "templateId": "ui5template.basicSAPUI5ApplicationProject",
      "templateVersion": "1.32.0",
      "dateTimeStamp": "Wed, 29 Jun 2016 08:12:57 GMT"
    }
  ],
  "translation": {
    "translationDomain": "",
    "supportedLanguages": "en,fr,de",
    "defaultLanguage": "en",
    "defaultI18NPropertyFile": "i18n.properties",
    "resourceModelName": "i18n"
  },
  "basevalidator": {
    "services": {
      "xml": "fioriXmlAnalysis",
      "js": "fioriJsValidator"
    }
  },
  "codeCheckingTriggers": {
    "notifyBeforePush": true,
    "notifyBeforePushLevel": "Error",
    "blockPush": false,
    "blockPushLevel": "Error"
  },
  "hybrid.facadeconfig": {
    "bFacade": false
  },
  "deploy": {
    "destination": "UXTCLNT100",
    "name": "TEST_ODATATRACK"
  }
}