{
  "webapp/view/fragment/ConfirmationDialog.fragment.xml": "1467654407000",
  "webapp/view/fragment/DeleteValueHelpDialog.fragment.xml": "1467654430000",
  "webapp/view/fragment/SchemaPanel.fragment.xml": "1467658698000",
  "webapp/view/fragment/UpdateMetadata.fragment.xml": "1467654453000",
  "webapp/view/fragment/UploadConfigFile.fragment.xml": "1467654461000",
  "webapp/view/fragment/NetworkConsole.fragment.xml": "1469810876000",
  "webapp/view/Main.view.xml": "1467654039000",
  "webapp/view/MetadataConfig.view.xml": "1467654017000",
  "webapp/view/SampleDataConfig.view.xml": "1467654234000",
  "webapp/view/TriggerNWCalls.view.xml": "1469541995000",
  "webapp/controller/BaseController.js": "1467874286000",
  "webapp/controller/Main.controller.js": "1469615775000",
  "webapp/controller/MetadataConfig.controller.js": "1469613917000",
  "webapp/controller/SampleDataConfig.controller.js": "1467656391000",
  "webapp/controller/TriggerNWCalls.controller.js": "1469810265000",
  "webapp/i18n/i18n.properties": "1467653257000",
  "webapp/model/models.js": "1467187976000",
  "webapp/Component.js": "1469194162000",
  "webapp/css/style.css": "1467744489000",
  "webapp/manifest.json": "1469176692000",
  "webapp/index.html": "1470754842000",
  "webapp/preview_hidden.html": "1469815369000",
  "webapp/image/file.png": "1467653558000",
  "webapp/image/light_toast.png": "1467653572000",
  "webapp/image/tracker.ico": "1467653583000",
  "webapp/image/upload.png": "1467653594000",
  "webapp/util/ModelHelper.js": "1469810274000",
  "webapp/util/CommonHelper.js": "1467653418000",
  "webapp/util/NavigationHelper.js": "1469616625000",
  "webapp/index_local.html": "1469424733000"
}